{"cameraMode":{"drawMode":0,"name":"Shaded","section":"Shading Mode"},"sceneLighting":false,"audioPlay":false,"sceneViewState":{"m_AlwaysRefresh":false,"showFog":true,"showSkybox":false,"showFlares":true,"showImageEffects":true,"showParticleSystems":true,"showVisualEffectGraphs":true,"m_FxEnabled":true},"in2DMode":false,"pivot":{"x":12.025931358337403,"y":2.8706533908843996,"z":-5.584600448608398},"rotation":{"x":0.48495128750801089,"y":-0.04406057670712471,"z":0.02446354553103447,"w":0.8731181025505066},"size":0.812403678894043,"orthographic":false}